id,name,model_id:id,group_id:id,perm_read,perm_write,perm_create,perm_unlink
access_hr_work_entry_overtime_type,access_hr_work_entry_overtime_type,model_hr_work_entry_overtime_type,base.group_user,1,0,0,0
manage_hr_work_entry_overtime_type,manage_hr_work_entry_overtime_type,model_hr_work_entry_overtime_type,hr_payroll.group_hr_payroll_manager,1,1,1,1
access_hr_work_entry_overtime_type_override,access_hr_work_entry_overtime_type_override,model_hr_work_entry_overtime_type_override,base.group_user,1,0,0,0
manage_hr_work_entry_overtime_type_override,manage_hr_work_entry_overtime_type_override,model_hr_work_entry_overtime_type_override,hr_payroll.group_hr_payroll_manager,1,1,1,1
access_hr_work_entry_type_override,access_hr_work_entry_type_override,model_hr_work_entry_type_override,base.group_user,1,0,0,0
manage_hr_work_entry_type_override,manage_hr_work_entry_type_override,model_hr_work_entry_type_override,hr_payroll.group_hr_payroll_manager,1,1,1,1
