<?xml version="1.0" encoding="UTF-8" ?>
<odoo>
    <!-- Wage Base -->
    <record id="rule_parameter_us_az_suta_wage_base" model="hr.rule.parameter">
        <field name="name">US AZ Arizona SUTA Wage Base</field>
        <field name="code">us_az_suta_wage_base</field>
        <field name="country_id" ref="base.us"/>
    </record>
    <record id="rule_parameter_us_az_suta_wage_base_2020" model="hr.rule.parameter.value">
        <field name="parameter_value">7000.0</field>
        <field name="rule_parameter_id" ref="rule_parameter_us_az_suta_wage_base"/>
        <field name="date_from" eval="datetime(2020, 1, 1).date()"/>
    </record>


    <!-- Rate -->
    <record id="rule_parameter_us_az_suta_rate" model="hr.rule.parameter">
        <field name="name">US AZ Arizona SUTA Rate</field>
        <field name="code">us_az_suta_rate</field>
        <field name="country_id" ref="base.us"/>
    </record>
    <data noupdate="1">
        <record id="rule_parameter_us_az_suta_rate_2020" model="hr.rule.parameter.value">
            <field name="parameter_value">2.0</field>
            <field name="rule_parameter_id" ref="rule_parameter_us_az_suta_rate"/>
            <field name="date_from" eval="datetime(2020, 1, 1).date()"/>
        </record>
    </data>


    <!-- Partners and Contribution Registers -->
    <record id="res_partner_us_az_dor" model="res.partner">
        <field name="name">US Arizona - Department of Economic Security (ADES) - Unemployment Tax</field>
    </record>

    <record id="res_partner_us_az_dor_sit" model="res.partner">
        <field name="name">US Arizona - Department of Revenue (ADOR) - Income Tax</field>
    </record>

    <!-- Categories -->

    <!-- Rules -->
    <record id="hr_payroll_rule_er_us_az_suta" model="hr.salary.rule">
        <field name="sequence" eval="450"/>
        <field name="struct_id" ref="hr_payroll_structure"/>
        <field name="category_id" ref="hr_payroll_category_er_us_suta"/>
        <field name="name">ER: US AZ Arizona State Unemployment</field>
        <field name="code">ER_US_AZ_SUTA</field>
        <field name="condition_select">python</field>
        <field name="condition_python">result, _ = general_state_unemployment(payslip, categories, worked_days, inputs, wage_base='us_az_suta_wage_base', rate='us_az_suta_rate', state_code='AZ')</field>
        <field name="amount_select">code</field>
        <field name="amount_python_compute">result, result_rate = general_state_unemployment(payslip, categories, worked_days, inputs, wage_base='us_az_suta_wage_base', rate='us_az_suta_rate', state_code='AZ')</field>
        <field name="partner_id" ref="res_partner_us_az_dor"/>
        <field name="appears_on_payslip" eval="False"/>
    </record>

    <record id="hr_payroll_rule_ee_us_az_sit" model="hr.salary.rule">
        <field name="sequence" eval="195"/>
        <field name="struct_id" ref="hr_payroll_structure"/>
        <field name="category_id" ref="hr_payroll_category_ee_us_sit"/>
        <field name="name">EE: US AZ Arizona State Income Tax Withholding</field>
        <field name="code">EE_US_AZ_SIT</field>
        <field name="condition_select">python</field>
        <field name="condition_python">result, _ = az_arizona_state_income_withholding(payslip, categories, worked_days, inputs)</field>
        <field name="amount_select">code</field>
        <field name="amount_python_compute">result, result_rate = az_arizona_state_income_withholding(payslip, categories, worked_days, inputs)</field>
        <field name="partner_id" ref="res_partner_us_az_dor_sit"/>
        <field name="appears_on_payslip" eval="True"/>
    </record>

</odoo>