<?xml version="1.0" encoding="UTF-8" ?>
<odoo>
    <!-- Wage Base -->
    <record id="rule_parameter_us_il_suta_wage_base" model="hr.rule.parameter">
        <field name="name">US IL Illinois SUTA Wage Base</field>
        <field name="code">us_il_suta_wage_base</field>
        <field name="country_id" ref="base.us"/>
    </record>
    <record id="rule_parameter_us_il_suta_wage_base_2020" model="hr.rule.parameter.value">
        <field name="parameter_value">12740.0</field>
        <field name="rule_parameter_id" ref="rule_parameter_us_il_suta_wage_base"/>
        <field name="date_from" eval="datetime(2020, 1, 1).date()"/>
    </record>

    <!-- Rate -->
    <record id="rule_parameter_us_il_suta_rate" model="hr.rule.parameter">
        <field name="name">US IL Illinois SUTA Rate</field>
        <field name="code">us_il_suta_rate</field>
        <field name="country_id" ref="base.us"/>
    </record>
    <data noupdate="1">
        <record id="rule_parameter_us_il_suta_rate_2020" model="hr.rule.parameter.value">
            <field name="parameter_value">3.125</field>
            <field name="rule_parameter_id" ref="rule_parameter_us_il_suta_rate"/>
            <field name="date_from" eval="datetime(2020, 1, 1).date()"/>
        </record>
    </data>

    <record id="rule_parameter_us_il_sit_basic_allowances_rate" model="hr.rule.parameter">
        <field name="name">US IL Illinois Basic Allowances Rate</field>
        <field name="code">us_il_sit_basic_allowances_rate</field>
        <field name="country_id" ref="base.us"/>
    </record>
    <record id="rule_parameter_us_il_sit_basic_allowances_rate_2020" model="hr.rule.parameter.value">
        <field name="parameter_value">2325.0</field>
        <field name="rule_parameter_id" ref="rule_parameter_us_il_sit_basic_allowances_rate"/>
        <field name="date_from" eval="datetime(2020, 1, 1).date()"/>
    </record>

    <record id="rule_parameter_us_il_sit_additional_allowances_rate" model="hr.rule.parameter">
        <field name="name">US IL Illinois Additional Allowances Rate</field>
        <field name="code">us_il_sit_additional_allowances_rate</field>
        <field name="country_id" ref="base.us"/>
    </record>
    <record id="rule_parameter_us_il_sit_additional_allowances_rate_2020" model="hr.rule.parameter.value">
        <field name="parameter_value">1000.0</field>
        <field name="rule_parameter_id" ref="rule_parameter_us_il_sit_additional_allowances_rate"/>
        <field name="date_from" eval="datetime(2020, 1, 1).date()"/>
    </record>

    <!-- Partners and Contribution Registers -->
    <record id="res_partner_us_il_dor" model="res.partner">
        <field name="name">US Illinois - Department of Economic Security (IDES) - Unemployment Tax</field>
    </record>

    <record id="res_partner_us_il_dor_sit" model="res.partner">
        <field name="name">US Illinois - Department of Revenue (IDOR) - Income Tax</field>
    </record>

    <!-- Categories -->

    <!-- Rules -->
    <record id="hr_payroll_rule_er_us_il_suta" model="hr.salary.rule">
        <field name="sequence" eval="450"/>
        <field name="struct_id" ref="hr_payroll_structure"/>
        <field name="category_id" ref="hr_payroll_category_er_us_suta"/>
        <field name="name">ER: US IL Illinois State Unemployment</field>
        <field name="code">ER_US_IL_SUTA</field>
        <field name="condition_select">python</field>
        <field name="condition_python">result, _ = general_state_unemployment(payslip, categories, worked_days, inputs, wage_base='us_il_suta_wage_base', rate='us_il_suta_rate', state_code='IL')</field>
        <field name="amount_select">code</field>
        <field name="amount_python_compute">result, result_rate = general_state_unemployment(payslip, categories, worked_days, inputs, wage_base='us_il_suta_wage_base', rate='us_il_suta_rate', state_code='IL')</field>
        <field name="partner_id" ref="res_partner_us_il_dor"/>
        <field name="appears_on_payslip" eval="False"/>
    </record>

    <record id="hr_payroll_rule_ee_us_il_sit" model="hr.salary.rule">
        <field name="sequence" eval="195"/>
        <field name="struct_id" ref="hr_payroll_structure"/>
        <field name="category_id" ref="hr_payroll_category_ee_us_sit"/>
        <field name="name">EE: US IL Illinois State Income Tax Withholding</field>
        <field name="code">EE_US_IL_SIT</field>
        <field name="condition_select">python</field>
        <field name="condition_python">result, _ = il_illinois_state_income_withholding(payslip, categories, worked_days, inputs)</field>
        <field name="amount_select">code</field>
        <field name="amount_python_compute">result, result_rate = il_illinois_state_income_withholding(payslip, categories, worked_days, inputs)</field>
        <field name="partner_id" ref="res_partner_us_il_dor_sit"/>
        <field name="appears_on_payslip" eval="True"/>
    </record>

</odoo>