<?xml version="1.0" encoding="UTF-8" ?>
<odoo>
    <!-- Wage Base -->
    <record id="rule_parameter_us_ky_suta_wage_base" model="hr.rule.parameter">
        <field name="name">US KY Kentucky SUTA Wage Base</field>
        <field name="code">us_ky_suta_wage_base</field>
        <field name="country_id" ref="base.us"/>
    </record>
    <record id="rule_parameter_us_ky_suta_wage_base_2020" model="hr.rule.parameter.value">
        <field name="parameter_value">10800.0</field>
        <field name="rule_parameter_id" ref="rule_parameter_us_ky_suta_wage_base"/>
        <field name="date_from" eval="datetime(2020, 1, 1).date()"/>
    </record>

    <!-- Rate -->
    <record id="rule_parameter_us_ky_suta_rate" model="hr.rule.parameter">
        <field name="name">US KY Kentucky SUTA Rate</field>
        <field name="code">us_ky_suta_rate</field>
        <field name="country_id" ref="base.us"/>
    </record>
    <record id="rule_parameter_us_ky_suta_rate_2020" model="hr.rule.parameter.value">
        <field name="parameter_value">2.7</field>
        <field name="rule_parameter_id" ref="rule_parameter_us_ky_suta_rate"/>
        <field name="date_from" eval="datetime(2020, 1, 1).date()"/>
    </record>

    <record id="rule_parameter_us_ky_sit_standard_deduction_rate" model="hr.rule.parameter">
        <field name="name">US KY Kentucky Standard Deduction Rate</field>
        <field name="code">us_ky_sit_standard_deduction_rate</field>
        <field name="country_id" ref="base.us"/>
    </record>
    <record id="rule_parameter_us_ky_sit_standard_deduction_rate_2020" model="hr.rule.parameter.value">
        <field name="parameter_value">2650</field>
        <field name="rule_parameter_id" ref="rule_parameter_us_ky_sit_standard_deduction_rate"/>
        <field name="date_from" eval="datetime(2020, 1, 1).date()"/>
    </record>

    <record id="rule_parameter_us_ky_sit_tax_rate" model="hr.rule.parameter">
        <field name="name">US KY Kentucky SIT Tax Rate</field>
        <field name="code">us_ky_sit_tax_rate</field>
        <field name="country_id" ref="base.us"/>
    </record>
    <record id="rule_parameter_us_ky_sit_tax_rate_2020" model="hr.rule.parameter.value">
        <field name="parameter_value">5.0</field>
        <field name="rule_parameter_id" ref="rule_parameter_us_ky_sit_tax_rate"/>
        <field name="date_from" eval="datetime(2020, 1, 1).date()"/>
    </record>

    <!-- Partners and Contribution Registers -->
    <record id="res_partner_us_ky_dor" model="res.partner">
        <field name="name">US Kentucky - Office of Unemployment Insurance - Unemployment Tax</field>
    </record>

    <record id="res_partner_us_ky_dor_sit" model="res.partner">
        <field name="name">US Kentucky - Department of Revenue - Income Tax</field>
    </record>

    <!-- Categories -->

    <!-- Rules -->
    <record id="hr_payroll_rule_er_us_ky_suta" model="hr.salary.rule">
        <field name="sequence" eval="450"/>
        <field name="struct_id" ref="hr_payroll_structure"/>
        <field name="category_id" ref="hr_payroll_category_er_us_suta"/>
        <field name="name">ER: US KY Kentucky State Unemployment</field>
        <field name="code">ER_US_KY_SUTA</field>
        <field name="condition_select">python</field>
        <field name="condition_python">result, _ = general_state_unemployment(payslip, categories, worked_days, inputs, wage_base='us_ky_suta_wage_base', rate='us_ky_suta_rate', state_code='KY')</field>
        <field name="amount_select">code</field>
        <field name="amount_python_compute">result, result_rate = general_state_unemployment(payslip, categories, worked_days, inputs, wage_base='us_ky_suta_wage_base', rate='us_ky_suta_rate', state_code='KY')</field>
        <field name="partner_id" ref="res_partner_us_ky_dor"/>
        <field name="appears_on_payslip" eval="False"/>
    </record>

    <record id="hr_payroll_rule_ee_us_ky_sit" model="hr.salary.rule">
        <field name="sequence" eval="195"/>
        <field name="struct_id" ref="hr_payroll_structure"/>
        <field name="category_id" ref="hr_payroll_category_ee_us_sit"/>
        <field name="name">EE: US KY Kentucky State Income Tax Withholding</field>
        <field name="code">EE_US_KY_SIT</field>
        <field name="condition_select">python</field>
        <field name="condition_python">result, _ = ky_kentucky_state_income_withholding(payslip, categories, worked_days, inputs)</field>
        <field name="amount_select">code</field>
        <field name="amount_python_compute">result, result_rate = ky_kentucky_state_income_withholding(payslip, categories, worked_days, inputs)</field>
        <field name="partner_id" ref="res_partner_us_ky_dor_sit"/>
        <field name="appears_on_payslip" eval="True"/>
    </record>

</odoo>