<?xml version="1.0" encoding="UTF-8" ?>
<odoo>
    <!-- Wage Base -->
    <record id="rule_parameter_us_va_suta_wage_base" model="hr.rule.parameter">
        <field name="name">US VA Virginia SUTA Wage Base</field>
        <field name="code">us_va_suta_wage_base</field>
        <field name="country_id" ref="base.us"/>
    </record>
    <record id="rule_parameter_us_va_suta_wage_base_2020" model="hr.rule.parameter.value">
        <field name="parameter_value">8000.0</field>
        <field name="rule_parameter_id" ref="rule_parameter_us_va_suta_wage_base"/>
        <field name="date_from" eval="datetime(2020, 1, 1).date()"/>
    </record>

    <!-- Rate -->
    <record id="rule_parameter_us_va_suta_rate" model="hr.rule.parameter">
        <field name="name">US VA Virginia SUTA Rate</field>
        <field name="code">us_va_suta_rate</field>
        <field name="country_id" ref="base.us"/>
    </record>
    <data noupdate="1">
        <record id="rule_parameter_us_va_suta_rate_2020" model="hr.rule.parameter.value">
            <field name="parameter_value">2.51</field>
            <field name="rule_parameter_id" ref="rule_parameter_us_va_suta_rate"/>
            <field name="date_from" eval="datetime(2020, 1, 1).date()"/>
        </record>
    </data>

    <record id="rule_parameter_us_va_sit_rate" model="hr.rule.parameter">
        <field name="name">US VA Virginia SIT Rate Table</field>
        <field name="code">us_va_sit_rate</field>
        <field name="country_id" ref="base.us"/>
    </record>
    <record id="rule_parameter_us_va_sit_rate_2020" model="hr.rule.parameter.value">
        <field name="parameter_value">[
                (      0.00,       0.0,  2.00),
                (   3000.00,      60.0,  3.00),
                (   5000.00,     120.0,  5.00),
                (  17000.00,     720.0,  5.75),
            ]</field>
        <field name="rule_parameter_id" ref="rule_parameter_us_va_sit_rate"/>
        <field name="date_from" eval="datetime(2020, 1, 1).date()"/>
    </record>

    <record id="rule_parameter_us_va_sit_exemption_rate" model="hr.rule.parameter">
        <field name="name">US VA Virginia SIT Exemption Rate Table</field>
        <field name="code">us_va_sit_exemption_rate</field>
        <field name="country_id" ref="base.us"/>
    </record>
    <record id="rule_parameter_us_va_sit_exemption_rate_2020" model="hr.rule.parameter.value">
        <field name="parameter_value">930.0</field>
        <field name="rule_parameter_id" ref="rule_parameter_us_va_sit_exemption_rate"/>
        <field name="date_from" eval="datetime(2020, 1, 1).date()"/>
    </record>

    <record id="rule_parameter_us_va_sit_other_exemption_rate" model="hr.rule.parameter">
        <field name="name">US VA Virginia SIT Other Exemption Rate Table</field>
        <field name="code">us_va_sit_other_exemption_rate</field>
        <field name="country_id" ref="base.us"/>
    </record>
    <record id="rule_parameter_us_va_sit_other_exemption_rate_2020" model="hr.rule.parameter.value">
        <field name="parameter_value">800.0</field>
        <field name="rule_parameter_id" ref="rule_parameter_us_va_sit_other_exemption_rate"/>
        <field name="date_from" eval="datetime(2020, 1, 1).date()"/>
    </record>

    <record id="rule_parameter_us_va_sit_deduction" model="hr.rule.parameter">
        <field name="name">US VA Virginia SIT Deduction</field>
        <field name="code">us_va_sit_deduction</field>
        <field name="country_id" ref="base.us"/>
    </record>
    <record id="rule_parameter_us_va_sit_deduction_2020" model="hr.rule.parameter.value">
        <field name="parameter_value">4500.0</field>
        <field name="rule_parameter_id" ref="rule_parameter_us_va_sit_deduction"/>
        <field name="date_from" eval="datetime(2020, 1, 1).date()"/>
    </record>

    <!-- Partners and Contribution Registers -->
    <record id="res_partner_us_va_dor" model="res.partner">
        <field name="name">US Virginia - Department of Taxation - Unemployment Tax</field>
    </record>

    <record id="res_partner_us_va_dor_sit" model="res.partner">
        <field name="name">US Virginia - Department of Taxation - Income Tax</field>
    </record>

    <!-- Categories -->

    <!-- Rules -->
    <record id="hr_payroll_rule_er_us_va_suta" model="hr.salary.rule">
        <field name="sequence" eval="450"/>
        <field name="struct_id" ref="hr_payroll_structure"/>
        <field name="category_id" ref="hr_payroll_category_er_us_suta"/>
        <field name="name">ER: US VA Virginia State Unemployment</field>
        <field name="code">ER_US_VA_SUTA</field>
        <field name="condition_select">python</field>
        <field name="condition_python">result, _ = general_state_unemployment(payslip, categories, worked_days, inputs, wage_base='us_va_suta_wage_base', rate='us_va_suta_rate', state_code='VA')</field>
        <field name="amount_select">code</field>
        <field name="amount_python_compute">result, result_rate = general_state_unemployment(payslip, categories, worked_days, inputs, wage_base='us_va_suta_wage_base', rate='us_va_suta_rate', state_code='VA')</field>
        <field name="partner_id" ref="res_partner_us_va_dor"/>
        <field name="appears_on_payslip" eval="False"/>
    </record>

    <record id="hr_payroll_rule_ee_us_va_sit" model="hr.salary.rule">
        <field name="sequence" eval="195"/>
        <field name="struct_id" ref="hr_payroll_structure"/>
        <field name="category_id" ref="hr_payroll_category_ee_us_sit"/>
        <field name="name">EE: US VA Virginia State Income Tax Withholding</field>
        <field name="code">EE_US_VA_SIT</field>
        <field name="condition_select">python</field>
        <field name="condition_python">result, _ = va_virginia_state_income_withholding(payslip, categories, worked_days, inputs)</field>
        <field name="amount_select">code</field>
        <field name="amount_python_compute">result, result_rate = va_virginia_state_income_withholding(payslip, categories, worked_days, inputs)</field>
        <field name="partner_id" ref="res_partner_us_va_dor_sit"/>
        <field name="appears_on_payslip" eval="True"/>
    </record>

</odoo>