<?xml version="1.0" encoding="UTF-8" ?>
<odoo>

    <!-- Parameters -->
    <record id="rule_parameter_er_essalud" model="hr.rule.parameter">
        <field name="name">ER: Essalud</field>
        <field name="code">er_essalud</field>
        <field name="country_id" ref="base.pe"/>
    </record>
    <record id="rule_parameter_er_essalud_2020" model="hr.rule.parameter.value">
        <field name="parameter_value">6.75</field>
        <field name="rule_parameter_id" ref="rule_parameter_er_essalud"/>
        <field name="date_from" eval="datetime(2020, 1, 1).date()"/>
    </record>

    <!-- ER Rules -->
    <record id="hr_payroll_rule_er_essalud" model="hr.salary.rule">
        <field name="sequence" eval="220"/>
        <field name="struct_id" ref="hr_payroll_structure"/>
        <field name="category_id" ref="hr_payroll_category_er_essalud"/>
        <field name="name">ER: PE Essalud</field>
        <field name="code">ER_PE_ESSALUD</field>
        <field name="condition_select">python</field>
        <field name="condition_python">result = categories.BASIC</field>
        <field name="amount_select">code</field>
        <field name="amount_python_compute">result, result_rate = categories.BASIC, -payslip.rule_parameter('er_essalud')</field>
        <field name="appears_on_payslip" eval="True"/>
        <field name="partner_id" ref="partner_sunat"/>
    </record>

</odoo>
