<?xml version="1.0" encoding="UTF-8" ?>
<odoo>

    <!-- Parameters -->
    <record id="rule_parameter_pe_uit" model="hr.rule.parameter">
        <field name="name">Peru UIT</field>
        <field name="code">pe_uit</field>
        <field name="country_id" ref="base.pe"/>
    </record>
    <record id="rule_parameter_pe_uit_2020" model="hr.rule.parameter.value">
        <field name="parameter_value">4400.0</field>
        <field name="rule_parameter_id" ref="rule_parameter_pe_uit"/>
        <field name="date_from" eval="datetime(2020, 1, 1).date()"/>
    </record>

    <record id="rule_parameter_ee_ir_5ta_cat" model="hr.rule.parameter">
        <field name="name">EE: IR 5ta Cat.</field>
        <field name="code">ee_ir_5ta_cat</field>
        <field name="country_id" ref="base.pe"/>
    </record>
    <!-- 2015 chart -->
    <record id="rule_parameter_ee_ir_5ta_cat_2020" model="hr.rule.parameter.value">
        <field name="parameter_value">[
        (  5.0,   8.0),
        ( 20.0,  14.0),
        ( 35.0,  17.0),
        ( 45.0,  20.0),
        ('inf',  30.0),
        ]</field>
        <field name="rule_parameter_id" ref="rule_parameter_ee_ir_5ta_cat"/>
        <field name="date_from" eval="datetime(2020, 1, 1).date()"/>
    </record>

    <record id="rule_parameter_ee_ir_5ta_cat_ley_29351" model="hr.rule.parameter">
        <field name="name">EE: IR 5ta Cat. Bonificación Extraordinaria (Ley 29351)</field>
        <field name="code">ee_ir_5ta_cat_ley_29351</field>
        <field name="country_id" ref="base.pe"/>
    </record>
    <record id="rule_parameter_ee_ir_5ta_cat_ley_29351_2020" model="hr.rule.parameter.value">
        <field name="parameter_value">9.0</field>
        <field name="rule_parameter_id" ref="rule_parameter_ee_ir_5ta_cat_ley_29351"/>
        <field name="date_from" eval="datetime(2020, 1, 1).date()"/>
    </record>


    <!-- EE Rules -->
    <record id="hr_payroll_rule_ee_ir_5ta_cat" model="hr.salary.rule">
        <field name="sequence" eval="196"/>
        <field name="struct_id" ref="hr_payroll_structure"/>
        <field name="category_id" ref="hr_payroll_category_ee_ir_5ta_cat"/>
        <field name="name">EE: PE IR 5th Cat.</field>
        <field name="code">EE_PE_IR_5TA_CAT</field>
        <field name="condition_select">python</field>
        <field name="condition_python">result, _ = ir_5ta_cat(payslip, categories, worked_days, inputs, BASIC)</field>
        <field name="amount_select">code</field>
        <field name="amount_python_compute">result, result_rate = ir_5ta_cat(payslip, categories, worked_days, inputs, BASIC)</field>
        <field name="appears_on_payslip" eval="True"/>
        <field name="partner_id" ref="partner_sunat"/>
    </record>

</odoo>
