<?xml version="1.0" encoding="UTF-8" ?>
<odoo>

    <!-- Parameters -->
    <record id="rule_parameter_ee_onp" model="hr.rule.parameter">
        <field name="name">EE: ONP</field>
        <field name="code">ee_onp</field>
        <field name="country_id" ref="base.pe"/>
    </record>
    <record id="rule_parameter_ee_onp_2020" model="hr.rule.parameter.value">
        <field name="parameter_value">13.0</field>
        <field name="rule_parameter_id" ref="rule_parameter_ee_onp"/>
        <field name="date_from" eval="datetime(2020, 1, 1).date()"/>
    </record>

    <!-- EE Rules -->
    <record id="hr_payroll_rule_ee_onp" model="hr.salary.rule">
        <field name="sequence" eval="190"/>
        <field name="struct_id" ref="hr_payroll_structure"/>
        <field name="category_id" ref="hr_payroll_category_ee_pe_onp"/>
        <field name="name">EE: PE ONP/SNP</field>
        <field name="code">EE_PE_ONP</field>
        <field name="condition_select">python</field>
        <field name="condition_python">result = categories.GROSS and contract.pe_payroll_config_value('retirement_type') == 'onp'</field>
        <field name="amount_select">code</field>
        <field name="amount_python_compute">result, result_rate = categories.GROSS, -payslip.rule_parameter('ee_onp')</field>
        <field name="appears_on_payslip" eval="True"/>
        <field name="partner_id" ref="partner_sunat"/>
    </record>

</odoo>
